-- MySQL dump 10.13  Distrib 8.0.32, for Win64 (x86_64)
--
-- Host: 127.0.0.1    Database: carloca
-- ------------------------------------------------------
-- Server version	8.0.32

/*!40101 SET @OLD_CHARACTER_SET_CLIENT=@@CHARACTER_SET_CLIENT */;
/*!40101 SET @OLD_CHARACTER_SET_RESULTS=@@CHARACTER_SET_RESULTS */;
/*!40101 SET @OLD_COLLATION_CONNECTION=@@COLLATION_CONNECTION */;
/*!50503 SET NAMES utf8 */;
/*!40103 SET @OLD_TIME_ZONE=@@TIME_ZONE */;
/*!40103 SET TIME_ZONE='+00:00' */;
/*!40014 SET @OLD_UNIQUE_CHECKS=@@UNIQUE_CHECKS, UNIQUE_CHECKS=0 */;
/*!40014 SET @OLD_FOREIGN_KEY_CHECKS=@@FOREIGN_KEY_CHECKS, FOREIGN_KEY_CHECKS=0 */;
/*!40101 SET @OLD_SQL_MODE=@@SQL_MODE, SQL_MODE='NO_AUTO_VALUE_ON_ZERO' */;
/*!40111 SET @OLD_SQL_NOTES=@@SQL_NOTES, SQL_NOTES=0 */;

--
-- Table structure for table `CARRO`
--

DROP TABLE IF EXISTS `CARRO`;
/*!40101 SET @saved_cs_client     = @@character_set_client */;
/*!50503 SET character_set_client = utf8mb4 */;
CREATE TABLE `CARRO` (
  `ID` int NOT NULL AUTO_INCREMENT,
  `MODELO` varchar(45) NOT NULL,
  `MONTADORA` varchar(45) NOT NULL,
  `COR` enum('BRANCO','PRETO','PRATA') NOT NULL,
  `VERSÃO` varchar(45) NOT NULL,
  `QUILOMETROS_RODADOS` int NOT NULL,
  `CATEGORIA` varchar(45) NOT NULL,
  `STATUS` enum('DISPONIVEL','ALUGADO') NOT NULL,
  PRIMARY KEY (`ID`)
) ENGINE=InnoDB AUTO_INCREMENT=9 DEFAULT CHARSET=utf8mb4 COLLATE=utf8mb4_0900_ai_ci;
/*!40101 SET character_set_client = @saved_cs_client */;

--
-- Dumping data for table `CARRO`
--

LOCK TABLES `CARRO` WRITE;
/*!40000 ALTER TABLE `CARRO` DISABLE KEYS */;
INSERT INTO `CARRO` VALUES (5,'ONIX','CHEVROLET','BRANCO','CO1',1000,'HATCH','ALUGADO'),(6,'VOYAGE','VOLKSWAGEN','PRETO','VV2',2000,'SEDAN COMPACTO','ALUGADO'),(7,'COROLLA','TOYOTA','PRATA','TC3',3000,'SEDAN MEDIO','DISPONIVEL'),(8,'PULSE','FIAT','BRANCO','FP1',4000,'SUV','DISPONIVEL');
/*!40000 ALTER TABLE `CARRO` ENABLE KEYS */;
UNLOCK TABLES;

--
-- Table structure for table `CLIENTE`
--

DROP TABLE IF EXISTS `CLIENTE`;
/*!40101 SET @saved_cs_client     = @@character_set_client */;
/*!50503 SET character_set_client = utf8mb4 */;
CREATE TABLE `CLIENTE` (
  `ID` int NOT NULL AUTO_INCREMENT,
  `ID_ENDERECO` int NOT NULL,
  `NOME` varchar(100) NOT NULL,
  `CNH` varchar(9) NOT NULL,
  `STATUS` enum('PODE ALUGAR','ALUGANDO') NOT NULL,
  PRIMARY KEY (`ID`),
  KEY `ID_ENDERECO_CLIENTE_idx` (`ID_ENDERECO`),
  CONSTRAINT `ID_ENDERECO_CLIENTE` FOREIGN KEY (`ID_ENDERECO`) REFERENCES `ENDERECO` (`ID`)
) ENGINE=InnoDB AUTO_INCREMENT=9 DEFAULT CHARSET=utf8mb4 COLLATE=utf8mb4_0900_ai_ci;
/*!40101 SET character_set_client = @saved_cs_client */;

--
-- Dumping data for table `CLIENTE`
--

LOCK TABLES `CLIENTE` WRITE;
/*!40000 ALTER TABLE `CLIENTE` DISABLE KEYS */;
INSERT INTO `CLIENTE` VALUES (5,4,'JOAO','111111111','ALUGANDO'),(6,5,'MARIA','222222222','ALUGANDO'),(7,6,'JOSE','333333333','PODE ALUGAR');
/*!40000 ALTER TABLE `CLIENTE` ENABLE KEYS */;
UNLOCK TABLES;

--
-- Table structure for table `ENDERECO`
--

DROP TABLE IF EXISTS `ENDERECO`;
/*!40101 SET @saved_cs_client     = @@character_set_client */;
/*!50503 SET character_set_client = utf8mb4 */;
CREATE TABLE `ENDERECO` (
  `ID` int NOT NULL AUTO_INCREMENT,
  `PAÍS` varchar(45) NOT NULL,
  `CEP` varchar(9) NOT NULL,
  `LOGRADOURO` varchar(255) NOT NULL,
  `NOME` varchar(255) NOT NULL,
  `NUMERO` varchar(255) NOT NULL,
  `COMPLEMENTO` varchar(255) DEFAULT NULL,
  PRIMARY KEY (`ID`)
) ENGINE=InnoDB AUTO_INCREMENT=9 DEFAULT CHARSET=utf8mb4 COLLATE=utf8mb4_0900_ai_ci;
/*!40101 SET character_set_client = @saved_cs_client */;

--
-- Dumping data for table `ENDERECO`
--

LOCK TABLES `ENDERECO` WRITE;
/*!40000 ALTER TABLE `ENDERECO` DISABLE KEYS */;
INSERT INTO `ENDERECO` VALUES (4,'BRASIL','111111111','RUA','DOUTOR SILVA','1','101'),(5,'BRASIL','222222222','AVENIDA','JUIZ SOUZA','2','202'),(6,'BRASIL','333333333','RUA','MESTRE SILVEIRA','3','303'),(7,'BRASIL','444444444','AVENIDA','CAPITAO SILMAR','4',NULL),(8,'BRASIL','555555555','RUA','PROFESSOR SOLIMAR','5',NULL);
/*!40000 ALTER TABLE `ENDERECO` ENABLE KEYS */;
UNLOCK TABLES;

--
-- Table structure for table `LOCACAO`
--

DROP TABLE IF EXISTS `LOCACAO`;
/*!40101 SET @saved_cs_client     = @@character_set_client */;
/*!50503 SET character_set_client = utf8mb4 */;
CREATE TABLE `LOCACAO` (
  `ID` int NOT NULL AUTO_INCREMENT,
  `ID_CLIENTE` int NOT NULL,
  `ID_CARRO` int NOT NULL,
  `ID_UNIDADE_FRANQUIA_INICIO` int NOT NULL,
  `ID_UNIDADE_FRANQUIA_FIM` int DEFAULT NULL,
  `DATA_INICIO` date NOT NULL,
  `DATA_FIM` date DEFAULT NULL,
  `QUILOMETROS_RODADOS` int DEFAULT NULL,
  PRIMARY KEY (`ID`),
  KEY `ID_CLIENTE_LOCACAO_idx` (`ID_CLIENTE`),
  KEY `ID_CARRO_LOCACAO_idx` (`ID_CARRO`),
  KEY `UNIDADE_FRANQUIA_INICIO_idx` (`ID_UNIDADE_FRANQUIA_INICIO`),
  KEY `UNIDADE_FRANQUIA_FIM_idx` (`ID_UNIDADE_FRANQUIA_FIM`),
  CONSTRAINT `ID_CARRO_LOCACAO` FOREIGN KEY (`ID_CARRO`) REFERENCES `CARRO` (`ID`),
  CONSTRAINT `ID_CLIENTE_LOCACAO` FOREIGN KEY (`ID_CLIENTE`) REFERENCES `CLIENTE` (`ID`),
  CONSTRAINT `UNIDADE_FRANQUIA_FIM` FOREIGN KEY (`ID_UNIDADE_FRANQUIA_FIM`) REFERENCES `UNIDADE_FRANQUIA` (`ID`),
  CONSTRAINT `UNIDADE_FRANQUIA_INICIO` FOREIGN KEY (`ID_UNIDADE_FRANQUIA_INICIO`) REFERENCES `UNIDADE_FRANQUIA` (`ID`)
) ENGINE=InnoDB AUTO_INCREMENT=12 DEFAULT CHARSET=utf8mb4 COLLATE=utf8mb4_0900_ai_ci;
/*!40101 SET character_set_client = @saved_cs_client */;

--
-- Dumping data for table `LOCACAO`
--

LOCK TABLES `LOCACAO` WRITE;
/*!40000 ALTER TABLE `LOCACAO` DISABLE KEYS */;
INSERT INTO `LOCACAO` VALUES (10,5,5,3,NULL,'2023-01-01',NULL,NULL),(11,6,6,4,NULL,'2023-01-02',NULL,NULL);
/*!40000 ALTER TABLE `LOCACAO` ENABLE KEYS */;
UNLOCK TABLES;

--
-- Table structure for table `UNIDADE_FRANQUIA`
--

DROP TABLE IF EXISTS `UNIDADE_FRANQUIA`;
/*!40101 SET @saved_cs_client     = @@character_set_client */;
/*!50503 SET character_set_client = utf8mb4 */;
CREATE TABLE `UNIDADE_FRANQUIA` (
  `ID` int NOT NULL AUTO_INCREMENT,
  `ID_ENDERECO` int NOT NULL,
  `NOME` varchar(45) NOT NULL,
  PRIMARY KEY (`ID`),
  KEY `ID_ENDERECO_idx` (`ID_ENDERECO`),
  CONSTRAINT `ID_ENDERECO_UNIDADE` FOREIGN KEY (`ID_ENDERECO`) REFERENCES `ENDERECO` (`ID`)
) ENGINE=InnoDB AUTO_INCREMENT=5 DEFAULT CHARSET=utf8mb4 COLLATE=utf8mb4_0900_ai_ci;
/*!40101 SET character_set_client = @saved_cs_client */;

--
-- Dumping data for table `UNIDADE_FRANQUIA`
--

LOCK TABLES `UNIDADE_FRANQUIA` WRITE;
/*!40000 ALTER TABLE `UNIDADE_FRANQUIA` DISABLE KEYS */;
INSERT INTO `UNIDADE_FRANQUIA` VALUES (3,7,'NORTE'),(4,8,'SUL');
/*!40000 ALTER TABLE `UNIDADE_FRANQUIA` ENABLE KEYS */;
UNLOCK TABLES;
/*!40103 SET TIME_ZONE=@OLD_TIME_ZONE */;

/*!40101 SET SQL_MODE=@OLD_SQL_MODE */;
/*!40014 SET FOREIGN_KEY_CHECKS=@OLD_FOREIGN_KEY_CHECKS */;
/*!40014 SET UNIQUE_CHECKS=@OLD_UNIQUE_CHECKS */;
/*!40101 SET CHARACTER_SET_CLIENT=@OLD_CHARACTER_SET_CLIENT */;
/*!40101 SET CHARACTER_SET_RESULTS=@OLD_CHARACTER_SET_RESULTS */;
/*!40101 SET COLLATION_CONNECTION=@OLD_COLLATION_CONNECTION */;
/*!40111 SET SQL_NOTES=@OLD_SQL_NOTES */;

-- Dump completed on 2023-02-25 16:20:45
